keyword;theme
Haushalt;finance
Budget;finance
Rechnungsabschluss;finance
Geld;finance
Bank;finance
Ausgaben;finance
rechnung;finance
Gesellschaft;people
Einwohner;people
Demographie;people
Geschlecht;people
Alter;people
Mitglieder;people
Personal;people
Arzt;people
Bürgermeister;people
Arzt;people
Spartenmitglieder;people
Umwelt;environment
Wasser;environment
Naturschutz;environment
Geodaten;environment
Wetter;environment
schutzgebiete;environment
klima;environment
bodennutzung;environment
WU;education
lecture;education
books;education
Bildung;education
courses;education
schüler;education
schule;education
Pflege;health
Krankenanstalten;health
Arzt;health
Medikamente;health
Apotheke;health
krankenhaus;health
Industrie;economy
Arbeitsmark;economy
tourismus;economy
haushalt;economy
bodennutzung;economy
bank;economy
versicherung;economy
verkehr;economy
Museen;art
Kunst;art
events;art
tourismus;art
kirche;art
Wahlen;politics
Recht;politics
Verordnung;politics
Gemeinde;politics
Grenzen;politics
Bürgermeister;politics
Bundesland;politics
rechtsform;politics
Standorte;geography
POIs;geography
Grundwasser;geography
Geodaten;geography
Grenzen;geography